"id"	"rate"
1001	-0.168152862445221
1003	0.102840738813651
1005	-0.219911980933838
1007	-0.244637674479356
1009	-0.231120962007806
1011	-0.247275081790877
1013	-0.225186795556882
1015	-0.0432056910618727
1017	-0.238373832114491
1019	-0.195515963302261
1021	-0.199472074269544
1023	-0.230131934265985
1025	-0.23639577663085
1027	-0.253538924155742
1029	-0.231450637921746
1031	-0.131888511911796
1033	-0.204746888892587
1035	-0.246945405876937
1037	-0.237714480286611
1039	-0.098591244603832
1041	-0.234088045233268
1043	-0.18035087126101
1045	-0.167493510617341
1047	-0.162878047822178
1049	-0.1384820301906
1051	-0.135185271051198
1053	-0.211010731257452
1055	-0.2228790641593
1057	-0.2515608686721
1059	-0.217604249536256
1061	-0.203428185236826
1063	-0.238703508028431
1065	-0.245956378135116
1067	-0.234417721147208
1069	0.0247075472098154
1071	-0.199472074269544
1073	0.415373505228992
1075	-0.245626702221176
1077	-0.165185779219759
1079	-0.214966842224735
1081	0.140423793002837
1083	-0.179691519433129
1085	-0.25024216501634
1087	-0.218593277278077
1089	0.477022901135816
1091	-0.232439665663567
1093	-0.218263601364137
1095	-0.139141382018481
1097	0.234711104389744
1099	-0.245956378135116
1101	-0.0507882370824981
1103	-0.181999250830711
1105	-0.257824711036965
1107	-0.25057184093028
1109	-0.20903267577381
1111	-0.221230684589599
1113	-0.0982615686898918
1115	-0.203098509322886
1117	-0.0250735157951599
1119	-0.248264109532698
1121	-0.0497992093406774
1123	-0.226175823298702
1125	0.0332791209722615
1127	-0.18068054717495
1129	-0.241011239426013
1131	-0.249253137274519
1133	-0.199142398355603
2013	-0.247275081790877
2016	-0.213648138568974
2020	1.48088605908383
2050	0.21427119772545
2060	-0.253868600069682
2068	-0.256835683295144
2070	-0.144416196641524
2090	0.325701656637249
2100	-0.255516979639383
2105	-0.203428185236826
2110	-0.100898976001414
2122	0.241963974496429
2130	-0.161229668252476
2150	-0.162548371908237
2164	-0.201120453839245
2170	0.421637347593857
2180	-0.0356231450412473
2185	-0.0682610605213305
2188	-0.107822170194159
2195	-0.209692027601691
2198	-0.221890036417479
2220	-0.131558835997855
2230	-0.253209248241802
2240	-0.232109989749627
2261	-0.199142398355603
2270	-0.00529296095874584
2275	-0.225186795556882
2282	-0.25123119275816
2290	-0.153647122231851
4001	-0.165185779219759
4003	0.0860272672026989
4005	0.55284836134207
4007	-0.0514475889103786
4009	-0.200461102011364
4011	-0.228153878782344
4012	-0.189252120937396
4013	13.5279033062879
4015	0.251524576000696
4017	-0.0867229117019836
4019	4.5198386337849
4021	0.608563590797969
4023	-0.184636658142233
4025	0.321745545669966
4027	0.289107630189883
5001	-0.226175823298702
5003	-0.152987770403971
5005	-0.215955869966555
5007	0.252183927828577
5009	-0.213318462655033
5011	-0.226835175126583
5013	-0.251890544586041
5015	-0.229472582438105
5017	-0.199801750183484
5019	-0.168812214273102
5021	-0.231780313835686
5023	-0.189252120937396
5025	-0.248264109532698
5027	-0.175735408465847
5029	-0.212988786741093
5031	-0.0738655510583145
5033	-0.225516471470822
5035	-0.122327910407529
5037	-0.241011239426013
5039	-0.247275081790877
5041	-0.136503974706959
5043	-0.191230176421038
5045	-0.057711431275243
5047	-0.244637674479356
5049	-0.243318970823595
5051	-0.0903493467553261
5053	-0.229142906524165
5055	-0.146064576211226
5057	-0.179032167605249
5059	-0.218263601364137
5061	-0.22320874007324
5063	-0.227164851040523
5065	-0.245956378135116
5067	-0.240351887598133
5069	-0.05342564439402
5071	-0.204746888892587
5073	-0.211670083085332
5075	-0.226835175126583
5077	-0.249912489102399
5079	-0.186614713625874
5081	-0.231450637921746
5083	-0.226835175126583
5085	-0.127273049116632
5087	-0.246615729962997
5089	-0.235406748889029
5091	-0.158921936854895
5093	-0.122327910407529
5095	-0.253868600069682
5097	-0.256506007381204
5099	-0.246286054049057
5101	-0.255516979639383
5103	-0.215626194052615
5105	-0.244307998565415
5107	-0.25123119275816
5109	-0.220901008675659
5111	-0.239362859856312
5113	-0.232769341577507
5115	-0.121009206751768
5117	-0.248593785446638
5119	0.303943046317193
5121	-0.218922953192017
5123	-0.233099017491447
5125	-0.173757352982205
5127	-0.239362859856312
5129	-0.257824711036965
5131	-0.0148535624630126
5133	-0.235736424802969
5135	-0.213318462655033
5137	-0.200131426097424
5139	-0.11012990159174
5141	-0.164856103305819
5143	0.0675654160220458
5145	-0.198153370613783
5147	-0.243648646737535
5149	-0.232439665663567
6001	6.7207550352499
6003	-0.257824711036965
6005	-0.193537907818619
6007	0.824830990342763
6009	-0.201779805667125
6011	-0.228483554696284
6013	2.36408783252971
6015	-0.164196751477938
6017	0.296030824382628
6019	3.84795912117471
6021	-0.205406240720468
6023	0.45493461490182
6025	0.0906427299978622
6027	-0.105514438796577
6029	1.95693807881353
6031	0.138116061605256
6033	-0.140130409760301
6035	-0.20903267577381
6037	29.5491636960414
6039	0.0200920844146522
6041	0.726587567988573
6043	-0.183647630400412
6045	-0.0399089319224704
6047	0.799116269055425
6049	-0.213648138568974
6051	-0.12331693814935
6053	3.06201174234119
6055	0.0573454626898986
6057	-0.0425463392339923
6059	8.8593626889802
6061	0.678454884553299
6063	-0.243978322651475
6065	4.36818771337239
6067	4.52280571701036
6069	-0.105844114710517
6071	3.3079499741406
6073	8.43045432494396
6075	7.6491224089056
6077	1.19835380083705
6079	0.907909320655702
6081	2.57738814884905
6083	3.09333095416551
6085	8.21220886991552
6087	1.74660484571966
6089	0.218227308692733
6091	-0.248593785446638
6093	-0.158262585027014
6095	0.676147153155717
6097	1.48121573499777
6099	0.977470938497091
6101	-0.0296889785903231
6103	-0.0751842547140754
6105	-0.202109481581065
6107	0.911535755709044
6109	-0.156943881371253
6111	1.98660891106815
6113	2.49595819810581
6115	-0.0837558284765215
8001	0.752961641103792
8003	-0.207384296204109
8005	1.15747398750846
8007	-0.231780313835686
8009	-0.248264109532698
8011	-0.252879572327861
8013	2.60145449056668
8014	-0.0656236532098086
8015	-0.149031659436688
8017	-0.255187303725443
8019	-0.23738480437267
8021	-0.239033183942372
8023	-0.252220220499981
8025	-0.246286054049057
8027	-0.257824711036965
8029	-0.18035087126101
8031	3.26245469801685
8033	-0.255846655553323
8035	0.318448786530564
8037	-0.101888003743234
8039	-0.209692027601691
8041	1.17329843137759
8043	-0.173757352982205
8045	-0.0488101815988567
8047	-0.251890544586041
8049	-0.2228790641593
8051	0.0919614336536231
8053	-0.245297026307236
8055	-0.237714480286611
8057	-0.253538924155742
8059	1.65792202486973
8061	-0.256176331467264
8063	-0.245956378135116
8065	-0.241340915339953
8067	0.110093608920336
8069	2.3377137594145
8071	-0.232109989749627
8073	-0.25090151684422
8075	-0.175405732551906
8077	0.312514620079639
8079	-0.257165359209084
8081	-0.232439665663567
8083	-0.199801750183484
8085	-0.160570316424596
8087	-0.211340407171392
8089	-0.191559852334978
8091	-0.238044156200551
8093	-0.241340915339953
8095	-0.247604757704818
8097	-0.0834261525625812
8099	-0.198483046527723
8101	0.088994350428161
8103	-0.233099017491447
8105	-0.238373832114491
8107	-0.078810689767418
8109	-0.225516471470822
8111	-0.242989294909654
8113	-0.175405732551906
8115	-0.253209248241802
8117	-0.0847448562183422
8119	-0.219252629105958
8121	-0.245956378135116
8123	0.592739146928838
8125	-0.232769341577507
9001	1.42747856102551
9003	1.62726216487329
9005	-0.057711431275243
9007	0.0467958334438111
9009	1.61242674874598
9011	0.293393417071106
9013	-0.0735358751443742
9015	-0.126613697288752
10001	0.0731699065590298
10003	0.504386001992856
10005	0.451967531676358
11001	4.04741304910855
12001	1.57616239821256
12003	-0.25090151684422
12005	0.351086702010647
12007	-0.243648646737535
12009	1.56429406531071
12011	4.94676894233751
12013	-0.2228790641593
12015	0.461198457266685
12017	0.0467958334438111
12019	0.213611845897569
12021	1.24121166964928
12023	-0.116393743956605
12027	-0.185625685884054
12029	-0.226175823298702
12031	1.91111312677583
12033	0.494166048660708
12035	-0.0254031917091001
12037	-0.224527443729001
12039	-0.13782267836272
12041	-0.245626702221176
12043	-0.25024216501634
12045	-0.233099017491447
12047	-0.221560360503539
12049	-0.107492494280218
12051	-0.121998234493589
12053	0.0266856026934568
12055	-0.0247438398812196
12057	3.34784075972737
12059	-0.240681563512073
12061	0.0837195358051173
12063	-0.189252120937396
12065	-0.243648646737535
12067	-0.232769341577507
12069	0.449989476192717
12071	1.8010013715198
12073	0.46812165145943
12075	-0.172438649326444
12077	-0.248264109532698
12079	-0.112767308903262
12081	0.696257383906072
12083	0.737137197234661
12085	0.13020383967069
12086	6.82130618900167
12087	1.3905548586642
12089	0.121302589994304
12091	0.465484244147908
12093	-0.183317954486472
12095	3.78169426247272
12097	0.83472126776097
12099	3.52355802185752
12101	0.795819509916022
12103	3.20673946856095
12105	1.74561581797784
12107	-0.106503466538398
12109	0.636256367568949
12111	0.306910129542656
12113	0.109763933006396
12115	1.03945001031785
12117	0.917469922159968
12119	0.181303606331426
12121	-0.193208231904679
12123	-0.23738480437267
12125	-0.247604757704818
12127	1.44528106037828
12129	-0.211999758999272
12131	0.0309713895746799
12133	-0.192878555990739
13001	-0.063315921812227
13003	-0.241011239426013
13005	-0.223538415987181
13007	-0.234417721147208
13009	-0.105184762882637
13011	-0.240022211684192
13013	-0.170130917928863
13015	-0.0158425902048333
13017	-0.206395268462288
13019	-0.231120962007806
13021	0.0695434715056872
13023	-0.248923461360579
13025	-0.221230684589599
13027	-0.235406748889029
13029	-0.103866059226876
13031	-0.147053603953046
13033	-0.214307490396854
13035	-0.235077072975089
13037	-0.251890544586041
13039	-0.158592260940955
13043	-0.220901008675659
13045	-0.0333154136436657
13047	-0.15199874266215
13049	-0.235077072975089
13051	0.363614386740376
13053	-0.202109481581065
13055	-0.238373832114491
13057	0.0411913429068271
13059	0.274272214062572
13061	-0.255516979639383
13063	0.377460775125866
13065	-0.167823186531281
13067	1.12681412751202
13069	0.00987213108250491
13071	-0.174416704810086
13073	-0.0573817553613028
13075	-0.219582305019898
13077	-0.113756336645083
13079	-0.2515608686721
13081	-0.211010731257452
13083	-0.2515608686721
13085	-0.233428693405388
13087	-0.00133684999146304
13089	1.79836396420827
13091	-0.240351887598133
13093	-0.172438649326444
13095	-0.132547863739676
13097	-0.118371799440246
13099	-0.221230684589599
13101	-0.211340407171392
13103	-0.192548880076799
13105	-0.244637674479356
13107	-0.094305457722609
13109	-0.122987262235409
13111	-0.234417721147208
13113	0.0514112962389744
13115	-0.0497992093406774
13117	0.18690809686841
13119	-0.203428185236826
13121	1.99583983665847
13123	-0.183977306314353
13125	-0.255846655553323
13127	0.0204217603285924
13129	-0.0870525876159238
13131	-0.119360827182067
13133	-0.243318970823595
13135	2.72574231012215
13137	-0.213977814482914
13139	0.229765965680641
13141	-0.245956378135116
13143	-0.226835175126583
13145	-0.126284021374812
13147	-0.244637674479356
13149	-0.25057184093028
13151	-0.0178206456884747
13153	-0.0346341172994266
13155	-0.238703508028431
13157	-0.154636149973672
13159	-0.218922953192017
13161	-0.204746888892587
13163	-0.224857119642942
13165	-0.257824711036965
13167	-0.158592260940955
13169	-0.233758369319328
13171	-0.252549896413921
13173	-0.164196751477938
13175	-0.203428185236826
13177	-0.2228790641593
13179	0.0573454626898986
13181	-0.253868600069682
13183	-0.18101022308889
13185	0.273283186320752
13187	-0.221230684589599
13189	-0.205076564806528
13191	-0.237714480286611
13193	-0.239033183942372
13195	-0.227824202868404
13197	-0.235406748889029
13199	-0.227494526954463
13201	-0.218922953192017
13205	-0.139800733846361
13207	-0.224527443729001
13209	-0.224527443729001
13211	-0.224527443729001
13213	-0.234417721147208
13215	0.0702028233335677
13217	-0.163537399650058
13219	-0.210351379429571
13221	-0.235736424802969
13223	-0.0811184211649996
13225	-0.177054112121608
13227	-0.227494526954463
13229	-0.224857119642942
13231	-0.240022211684192
13233	-0.198153370613783
13235	-0.254198275983622
13237	-0.216285545880495
13239	-0.25057184093028
13241	-0.235406748889029
13243	-0.239692535770252
13245	0.0342681487140822
13247	-0.00562263687268608
13249	-0.244967350393296
13251	-0.239692535770252
13253	-0.244637674479356
13255	-0.132547863739676
13257	-0.25090151684422
13259	-0.254527951897563
13261	-0.196504991044081
13263	-0.196175315130141
13265	-0.243978322651475
13267	-0.0725468474025535
13269	-0.248923461360579
13271	-0.23705512845873
13273	-0.25057184093028
13275	-0.111448605247501
13277	-0.185955361797994
13279	-0.212329434913213
13281	-0.253868600069682
13283	-0.257824711036965
13285	0.0210811121564729
13287	-0.241340915339953
13289	-0.257824711036965
13291	-0.224197767815061
13293	-0.195515963302261
13295	-0.22221971233142
13297	-0.118042123526306
13299	-0.228483554696284
13301	-0.254527951897563
13303	-0.221230684589599
13305	-0.147053603953046
13307	-0.257824711036965
13309	-0.25123119275816
13311	-0.242329943081774
13313	0.0837195358051173
13315	-0.25024216501634
13317	-0.255846655553323
13319	-0.25024216501634
13321	-0.231780313835686
15001	0.315152027391161
15003	5.39380948164046
15005	-0.252549896413921
15007	-0.022436108483638
15009	0.364933090396137
16001	1.88506872957455
16003	-0.240022211684192
16005	-0.0141942106351322
16007	-0.247275081790877
16009	-0.220241656847778
16011	-0.149031659436688
16013	-0.146723928039106
16015	-0.234417721147208
16017	-0.0517772648243188
16019	0.0411913429068271
16021	-0.240022211684192
16023	-0.257824711036965
16025	-0.255187303725443
16027	0.704169605840637
16029	-0.248923461360579
16031	-0.159910964596715
16033	-0.25057184093028
16035	-0.242000267167834
16037	-0.243978322651475
16039	-0.192219204162858
16041	-0.228813230610224
16043	-0.246286054049057
16045	-0.198812722441663
16047	-0.214307490396854
16049	-0.231780313835686
16051	-0.20837332394593
16053	-0.220571332761718
16055	0.0711918510753884
16057	0.000311529578238131
16059	-0.218922953192017
16061	-0.247604757704818
16063	-0.244637674479356
16065	-0.0194690252581759
16067	-0.233099017491447
16069	-0.113096984817202
16071	-0.256176331467264
16073	-0.228483554696284
16075	-0.184966334056173
16077	-0.249912489102399
16079	-0.227824202868404
16081	-0.226835175126583
16083	-0.0395792560085301
16085	-0.19386758373256
16087	-0.216615221794436
17001	-0.129580780514214
17003	-0.238703508028431
17005	-0.23672545254479
17007	-0.121998234493589
17009	-0.237714480286611
17011	-0.201450129753185
17013	-0.243978322651475
17015	-0.238373832114491
17017	-0.241011239426013
17019	0.760873863038357
17021	-0.219252629105958
17023	-0.224857119642942
17025	-0.227494526954463
17027	-0.200131426097424
17029	-0.148701983522748
17031	15.6536535993745
17033	-0.213977814482914
17035	-0.239033183942372
17037	-0.0141942106351322
17039	-0.239692535770252
17041	-0.108811197935979
17043	1.59825068444655
17045	-0.228483554696284
17047	-0.241011239426013
17049	-0.164196751477938
17051	-0.185296009970113
17053	-0.241340915339953
17055	-0.199472074269544
17057	-0.198153370613783
17059	-0.248264109532698
17061	-0.236066100716909
17063	-0.182328926744651
17065	-0.257495035123025
17067	-0.238373832114491
17069	-0.252220220499981
17071	-0.252549896413921
17073	-0.178043139863428
17075	-0.19485661147438
17077	-0.0405682837503509
17079	-0.246286054049057
17081	-0.139800733846361
17083	-0.239362859856312
17085	-0.2228790641593
17087	-0.247604757704818
17089	1.20527699502979
17091	-0.0540849962219004
17093	-0.0639752736401075
17095	-0.12430596589117
17097	1.2692341223342
17099	-0.0441947188036934
17101	-0.234088045233268
17103	-0.213318462655033
17105	-0.205735916634408
17107	-0.202768833408946
17109	-0.145734900297285
17111	0.259107122021322
17113	0.202073188909661
17115	0.0256965749516361
17117	-0.199472074269544
17119	0.209326059016346
17121	-0.15199874266215
17123	-0.231780313835686
17125	-0.22221971233142
17127	-0.225846147384762
17129	-0.242989294909654
17131	-0.221890036417479
17133	-0.246286054049057
17135	-0.227164851040523
17137	-0.173427677068265
17139	-0.126613697288752
17141	-0.174746380724026
17143	0.171083652999279
17145	-0.234417721147208
17147	-0.228483554696284
17149	-0.207713972118049
17151	-0.252879572327861
17153	-0.257824711036965
17155	-0.253209248241802
17157	-0.223538415987181
17159	-0.215955869966555
17161	0.0477848611856318
17163	0.243612354066131
17165	-0.211670083085332
17167	0.108115553436695
17169	-0.25024216501634
17171	-0.255516979639383
17173	-0.23639577663085
17175	-0.249912489102399
17177	-0.163867075563998
17179	-0.108811197935979
17181	-0.239033183942372
17183	-0.126613697288752
17185	-0.206065592548348
17187	-0.207384296204109
17189	-0.238703508028431
17191	-0.229472582438105
17193	-0.23705512845873
17195	-0.0854042080462226
17197	1.02527394601842
17199	-0.161229668252476
17201	0.197787402028438
17203	-0.168812214273102
18001	-0.175735408465847
18003	0.331306147174233
18005	-0.0148535624630126
18007	-0.249253137274519
18009	-0.245297026307236
18011	-0.0702391160049719
18013	-0.241670591253893
18015	-0.232769341577507
18017	-0.131888511911796
18019	-0.128262076858453
18021	-0.224857119642942
18023	-0.130240132342094
18025	-0.234747397061149
18027	-0.190900500507097
18029	-0.187933417281635
18031	-0.205076564806528
18033	-0.155295501801552
18035	-0.0329857377297255
18037	-0.211340407171392
18039	0.534716186075357
18041	-0.181339899002831
18043	-0.192219204162858
18045	-0.234088045233268
18047	-0.22254938824536
18049	-0.198153370613783
18051	-0.232769341577507
18053	-0.131229160083915
18055	-0.198483046527723
18057	0.195479670630857
18059	-0.201779805667125
18061	-0.190241148679217
18063	0.012839214307967
18065	-0.187603741367695
18067	-0.0616675422425258
18069	-0.209692027601691
18071	-0.0237548121393989
18073	-0.183977306314353
18075	-0.204746888892587
18077	-0.211340407171392
18079	-0.187933417281635
18081	-0.0718874955746731
18083	-0.214307490396854
18085	-0.0626565699843465
18087	0.343174480076081
18089	0.274272214062572
18091	-0.0956241613783699
18093	-0.216944897708376
18095	-0.0580411071891832
18097	1.28868500125667
18099	-0.0751842547140754
18101	-0.2515608686721
18103	-0.168482538359162
18105	0.291085685673524
18107	-0.200131426097424
18109	-0.0959538372923101
18111	-0.236066100716909
18113	-0.100898976001414
18115	-0.247275081790877
18117	-0.214637166310794
18119	-0.212329434913213
18121	-0.217933925450197
18123	-0.234088045233268
18125	-0.243648646737535
18127	-0.0771623101977168
18129	-0.231450637921746
18131	-0.227164851040523
18133	-0.18068054717495
18135	-0.198483046527723
18137	-0.189252120937396
18139	-0.255187303725443
18141	0.422956051249618
18143	-0.227824202868404
18145	-0.133207215567557
18147	-0.244307998565415
18149	-0.242329943081774
18151	-0.189581796851336
18153	-0.196504991044081
18155	-0.242000267167834
18157	0.282843787825018
18159	-0.23705512845873
18161	-0.248264109532698
18163	0.14405022805618
18165	-0.253868600069682
18167	0.0214107880704131
18169	-0.203428185236826
18171	-0.248264109532698
18173	-0.160240640510656
18175	-0.178702491691309
18177	-0.0854042080462226
18179	-0.161229668252476
18181	-0.221560360503539
18183	-0.217604249536256
19001	-0.246286054049057
19003	-0.234747397061149
19005	-0.226175823298702
19007	-0.246945405876937
19009	-0.253868600069682
19011	-0.140789761588182
19013	-0.0247438398812196
19015	-0.231780313835686
19017	-0.234747397061149
19019	-0.226175823298702
19021	-0.215626194052615
19023	-0.241011239426013
19025	-0.235077072975089
19027	-0.218263601364137
19029	-0.212659110827153
19031	-0.235406748889029
19033	-0.154636149973672
19035	-0.240351887598133
19037	-0.221890036417479
19039	-0.254527951897563
19041	-0.20870299985987
19043	-0.235736424802969
19045	-0.182328926744651
19047	-0.239362859856312
19049	-0.157273557285194
19051	-0.228813230610224
19053	-0.234417721147208
19055	-0.228483554696284
19057	-0.117053095784485
19059	-0.229472582438105
19061	-0.1384820301906
19063	-0.15199874266215
19065	-0.209362351687751
19067	-0.20903267577381
19069	-0.243648646737535
19071	-0.234088045233268
19073	-0.239692535770252
19075	-0.230131934265985
19077	-0.242000267167834
19079	-0.217604249536256
19081	-0.223868091901121
19083	-0.212329434913213
19085	-0.245626702221176
19087	-0.227824202868404
19089	-0.243648646737535
19091	-0.233428693405388
19093	-0.243978322651475
19095	-0.241670591253893
19097	-0.235736424802969
19099	-0.163207723736118
19101	-0.186285037711934
19103	0.605926183486448
19105	-0.225516471470822
19107	-0.245956378135116
19109	-0.225846147384762
19111	-0.204087537064707
19113	0.277239297288034
19115	-0.226835175126583
19117	-0.239033183942372
19119	-0.238044156200551
19121	-0.239692535770252
19123	-0.218922953192017
19125	-0.179691519433129
19127	-0.138811706104541
19129	-0.231120962007806
19131	-0.229802258352045
19133	-0.225186795556882
19135	-0.251890544586041
19137	-0.238044156200551
19139	-0.192548880076799
19141	-0.181339899002831
19143	-0.252879572327861
19145	-0.217274573622316
19147	-0.23672545254479
19149	-0.185296009970113
19151	-0.230791286093866
19153	0.493506696832828
19155	-0.112437632989322
19157	-0.218263601364137
19159	-0.237714480286611
19161	-0.248923461360579
19163	-0.00562263687268608
19165	-0.233428693405388
19167	-0.151009714920329
19169	0.165808838376235
19171	-0.229802258352045
19173	-0.244637674479356
19175	-0.233428693405388
19177	-0.25024216501634
19179	-0.169141890187042
19181	-0.209692027601691
19183	-0.202768833408946
19185	-0.247275081790877
19187	-0.171449621584624
19189	-0.230791286093866
19191	-0.185296009970113
19193	0.217238280950912
19195	-0.251890544586041
19197	-0.212329434913213
20001	-0.23705512845873
20003	-0.233428693405388
20005	-0.242659618995714
20007	-0.253538924155742
20009	-0.206724944376229
20011	-0.23738480437267
20013	-0.227824202868404
20015	-0.142767817071823
20017	-0.249582813188459
20019	-0.2515608686721
20021	-0.20903267577381
20023	-0.253538924155742
20025	-0.2515608686721
20027	-0.23639577663085
20029	-0.23705512845873
20031	-0.25123119275816
20033	-0.254857627811503
20035	-0.190900500507097
20037	-0.177713463949488
20039	-0.249582813188459
20041	-0.215626194052615
20043	-0.245956378135116
20045	0.202732540737542
20047	-0.2515608686721
20049	-0.255846655553323
20051	-0.201120453839245
20053	-0.244967350393296
20055	-0.141119437502122
20057	-0.185625685884054
20059	-0.193208231904679
20061	-0.0329857377297255
20063	-0.253868600069682
20065	-0.256176331467264
20067	-0.241340915339953
20069	-0.232439665663567
20071	-0.257165359209084
20073	-0.254527951897563
20075	-0.25090151684422
20077	-0.247275081790877
20079	-0.12430596589117
20081	-0.252549896413921
20083	-0.249253137274519
20085	-0.2515608686721
20087	-0.238373832114491
20089	-0.246615729962997
20091	0.578892758543348
20093	-0.257824711036965
20095	-0.242000267167834
20097	-0.239692535770252
20099	-0.220241656847778
20101	-0.248264109532698
20103	-0.0834261525625812
20105	-0.254198275983622
20107	-0.252879572327861
20109	-0.245297026307236
20111	-0.193208231904679
20113	-0.153647122231851
20115	-0.22221971233142
20117	-0.233758369319328
20119	-0.25123119275816
20121	-0.217604249536256
20123	-0.234747397061149
20125	-0.162548371908237
20127	-0.252220220499981
20129	-0.255516979639383
20131	-0.217274573622316
20133	-0.184636658142233
20135	-0.247604757704818
20137	-0.256835683295144
20139	-0.240681563512073
20141	-0.252879572327861
20143	-0.245626702221176
20145	-0.237714480286611
20147	-0.248593785446638
20149	-0.207054620290169
20151	-0.230131934265985
20153	-0.249912489102399
20155	-0.0540849962219004
20157	-0.217604249536256
20159	-0.243318970823595
20161	-0.0834261525625812
20163	-0.248593785446638
20165	-0.252549896413921
20167	-0.254857627811503
20169	-0.0237548121393989
20171	-0.247934433618758
20173	0.566365073813619
20175	-0.153976798145791
20177	0.0144875938776682
20179	-0.254527951897563
20181	-0.243648646737535
20183	-0.246286054049057
20185	-0.252549896413921
20187	-0.257824711036965
20189	-0.253209248241802
20191	-0.225846147384762
20193	-0.229802258352045
20195	-0.254527951897563
20197	-0.245297026307236
20199	-0.256506007381204
20201	-0.248593785446638
20203	-0.255516979639383
20205	-0.248593785446638
20207	-0.252549896413921
20209	0.296690176210508
21001	-0.217933925450197
21003	-0.187603741367695
21005	-0.233428693405388
21007	-0.235736424802969
21009	-0.206724944376229
21011	-0.232109989749627
21013	-0.241340915339953
21015	-0.0296889785903231
21017	-0.244307998565415
21019	-0.184966334056173
21021	-0.217604249536256
21023	-0.246286054049057
21025	-0.257165359209084
21027	-0.183977306314353
21029	-0.213977814482914
21031	-0.244637674479356
21033	-0.212329434913213
21035	-0.197494018785902
21037	-0.153976798145791
21039	-0.249582813188459
21041	-0.215296518138675
21043	-0.233428693405388
21045	-0.184636658142233
21047	-0.114415688472963
21049	-0.230791286093866
21051	-0.227824202868404
21053	-0.255187303725443
21055	-0.251890544586041
21057	-0.249912489102399
21059	-0.127932400944513
21061	-0.232439665663567
21063	-0.245956378135116
21065	-0.256176331467264
21067	0.451967531676358
21069	-0.244307998565415
21071	-0.247934433618758
21073	-0.190570824593157
21075	-0.247604757704818
21077	-0.242329943081774
21079	-0.247934433618758
21081	-0.207384296204109
21083	-0.213318462655033
21085	-0.217933925450197
21087	-0.231120962007806
21089	-0.229142906524165
21091	-0.246945405876937
21093	-0.0722171714886133
21095	-0.201450129753185
21097	-0.243648646737535
21099	-0.234417721147208
21101	-0.205406240720468
21103	-0.23639577663085
21105	-0.23705512845873
21107	-0.189581796851336
21109	-0.240351887598133
21111	1.22439819803833
21113	-0.22221971233142
21115	-0.248593785446638
21117	-0.100569300087473
21119	-0.241670591253893
21121	-0.257824711036965
21123	-0.248264109532698
21125	-0.215296518138675
21127	-0.252879572327861
21129	-0.239692535770252
21131	-0.253209248241802
21133	-0.209362351687751
21135	-0.220571332761718
21137	-0.245297026307236
21139	-0.238044156200551
21141	-0.176724436207667
21143	-0.2515608686721
21145	-0.104525411054756
21147	-0.243648646737535
21149	-0.239362859856312
21151	-0.0527662925661395
21153	-0.255187303725443
21155	-0.213977814482914
21157	-0.2228790641593
21159	-0.254857627811503
21161	-0.226505499212643
21163	-0.218922953192017
21165	-0.253538924155742
21167	-0.240681563512073
21169	-0.25057184093028
21171	-0.249253137274519
21173	-0.234747397061149
21175	-0.257824711036965
21177	-0.197164342871962
21179	-0.197494018785902
21181	-0.257824711036965
21183	-0.23639577663085
21185	-0.228483554696284
21187	-0.2515608686721
21189	-0.257824711036965
21191	-0.247934433618758
21193	-0.227494526954463
21195	-0.205076564806528
21197	-0.244307998565415
21199	-0.173098001154325
21201	-0.257824711036965
21203	-0.23705512845873
21205	-0.231780313835686
21207	-0.175405732551906
21209	-0.211670083085332
21211	-0.231450637921746
21213	-0.225186795556882
21215	-0.232439665663567
21217	-0.22320874007324
21219	-0.206395268462288
21221	-0.243978322651475
21223	-0.245626702221176
21225	-0.239362859856312
21227	-0.078810689767418
21229	-0.242659618995714
21231	-0.252549896413921
21233	-0.239033183942372
21235	-0.239033183942372
21237	-0.253538924155742
21239	-0.229802258352045
22001	-0.117712447612366
22003	-0.200790777925304
22005	-0.0580411071891832
22007	-0.173757352982205
22009	-0.224197767815061
22011	-0.118701475354186
22013	-0.231450637921746
22015	0.0840492117190575
22017	0.337899665453037
22019	0.110093608920336
22021	-0.229142906524165
22023	-0.230131934265985
22025	-0.204417212978647
22027	-0.198483046527723
22029	-0.212329434913213
22031	-0.220901008675659
22033	0.569991508866962
22035	-0.247604757704818
22037	-0.221560360503539
22039	-0.200461102011364
22041	-0.211340407171392
22043	-0.216944897708376
22045	-0.116723419870545
22047	-0.206395268462288
22049	-0.219582305019898
22051	1.03384551978087
22053	-0.149361335350628
22055	0.393944570822877
22057	0.230095641594581
22059	-0.198483046527723
22061	-0.157603233199134
22063	-0.0445243947176337
22065	-0.234747397061149
22067	-0.200461102011364
22069	-0.150350363092449
22071	1.6388008218612
22073	-0.00858972009814818
22075	-0.148701983522748
22077	-0.197164342871962
22079	0.0487738889274525
22081	-0.216285545880495
22083	-0.243318970823595
22085	-0.174087028896146
22087	-0.19386758373256
22089	-0.134525919223317
22091	-0.20870299985987
22093	-0.234088045233268
22095	-0.087382263529864
22097	-0.102547355571115
22099	-0.230131934265985
22101	-0.0494695334267372
22103	0.407131607380487
22105	0.290426333845644
22107	-0.248593785446638
22109	0.361966007170675
22111	-0.218593277278077
22113	-0.143427168899704
22115	-0.0896899949274457
22117	-0.0952944854644297
22119	-0.0580411071891832
22121	-0.189911472765277
22123	-0.233758369319328
22125	-0.252879572327861
22127	-0.23705512845873
23001	-0.028040599020622
23003	-0.0979318927759515
23005	0.660652385200526
23007	-0.221230684589599
23009	-0.037930876438829
23011	0.0942691650512048
23013	-0.11045957750568
23015	-0.203428185236826
23017	-0.200131426097424
23019	0.21394152181151
23021	-0.241670591253893
23023	-0.172438649326444
23025	-0.181339899002831
23027	-0.135185271051198
23029	-0.223538415987181
23031	0.201743512995721
24001	-0.182988278572532
24003	0.810654926043333
24005	1.23626653094017
24009	-0.143097492985764
24011	-0.0451837465455141
24013	-0.0824371248207605
24015	-0.131558835997855
24017	-0.0725468474025535
24019	-0.156614205457313
24021	0.0767963416123724
24023	-0.197164342871962
24025	0.0316307414025603
24027	0.069213795591747
24029	-0.183977306314353
24031	1.7789130852858
24033	1.06483505569125
24035	-0.19386758373256
24037	-0.107162818366278
24039	-0.206724944376229
24041	-0.196834666958022
24043	0.0332791209722615
24045	-0.0161722661187736
24047	-0.10947054976386
24510	1.66220781175096
25001	0.202073188909661
25003	0.0751479620426712
25005	0.479989984361278
25007	-0.13815235427666
25009	1.77231956700699
25011	-0.0834261525625812
25013	0.2564697147098
25015	0.215919577295151
25017	5.21611416402668
25019	-0.174746380724026
25021	1.08692334192525
25023	0.421637347593857
25025	2.72640166195003
25027	1.02758167741601
26001	-0.245626702221176
26003	-0.239033183942372
26005	-0.0784810138534777
26007	-0.177383788035548
26009	-0.230791286093866
26011	-0.234417721147208
26013	-0.241670591253893
26015	-0.201779805667125
26017	-0.0488101815988567
26019	-0.245297026307236
26021	-0.00562263687268608
26023	-0.174416704810086
26025	-0.0286999508485024
26027	-0.205735916634408
26029	-0.210021703515631
26031	-0.209362351687751
26033	-0.206724944376229
26035	-0.206065592548348
26037	-0.152987770403971
26039	-0.241670591253893
26041	-0.176394760293727
26043	-0.218922953192017
26045	-0.122327910407529
26047	-0.175076056637966
26049	0.132511571068272
26051	-0.246945405876937
26053	-0.231120962007806
26055	0.0299823618328592
26057	-0.211340407171392
26059	-0.192219204162858
26061	-0.13749300244878
26063	-0.214637166310794
26065	0.870655942380455
26067	-0.181339899002831
26069	-0.229142906524165
26071	-0.244637674479356
26073	-0.0702391160049719
26075	0.038224259681365
26077	0.198446753856319
26079	-0.234417721147208
26081	0.848237980232519
26083	-0.255516979639383
26085	-0.247604757704818
26087	-0.138811706104541
26089	-0.214307490396854
26091	-0.127602725030573
26093	0.0217404639843533
26095	-0.253868600069682
26097	-0.200461102011364
26099	0.616805488646475
26101	-0.229472582438105
26103	-0.116723419870545
26105	-0.174746380724026
26107	-0.155295501801552
26109	-0.212988786741093
26111	-0.0606785145007051
26113	-0.235077072975089
26115	-0.0702391160049719
26117	-0.118371799440246
26119	-0.253209248241802
26121	-0.0211174048278771
26123	-0.190241148679217
26125	1.35956532275382
26127	-0.223538415987181
26129	-0.234088045233268
26131	-0.242000267167834
26133	-0.202439157495006
26135	-0.204746888892587
26137	-0.230791286093866
26139	0.225809854713358
26141	-0.228813230610224
26143	-0.221890036417479
26145	-0.00463360913086538
26147	-0.0234251362254587
26149	-0.127932400944513
26151	-0.205735916634408
26153	-0.254527951897563
26155	-0.12397628997723
26157	-0.178702491691309
26159	-0.125954345460871
26161	0.873952701519858
26163	2.67760962668688
26165	-0.214307490396854
27001	-0.221230684589599
27003	0.276250269546214
27005	-0.178043139863428
27007	-0.15166906674821
27009	-0.19518628738832
27011	-0.244967350393296
27013	-0.106173790624457
27015	-0.193537907818619
27017	-0.174416704810086
27019	-0.141119437502122
27021	-0.188922445023456
27023	-0.226175823298702
27025	-0.165515455133699
27027	-0.0883712912716847
27029	-0.246945405876937
27031	-0.248593785446638
27033	-0.212659110827153
27035	-0.144086520727584
27037	0.429219893614482
27039	-0.227824202868404
27041	-0.162878047822178
27043	-0.232769341577507
27045	-0.199472074269544
27047	-0.178702491691309
27049	-0.183317954486472
27051	-0.241670591253893
27053	4.83632751116753
27055	-0.23639577663085
27057	-0.226175823298702
27059	-0.159910964596715
27061	-0.158921936854895
27063	-0.234088045233268
27065	-0.214966842224735
27067	-0.171449621584624
27069	-0.25090151684422
27071	-0.197164342871962
27073	-0.247604757704818
27075	-0.238044156200551
27077	-0.255846655553323
27079	-0.210681055343511
27081	-0.245626702221176
27083	-0.1941972596465
27085	-0.108811197935979
27087	-0.253868600069682
27089	-0.235077072975089
27091	-0.191230176421038
27093	-0.20804364803199
27095	-0.165185779219759
27097	-0.203098509322886
27099	-0.119031151268126
27101	-0.242329943081774
27103	-0.168812214273102
27105	-0.146394252125166
27107	-0.244967350393296
27109	0.125918052789467
27111	-0.153976798145791
27113	-0.187603741367695
27115	-0.198483046527723
27117	-0.23738480437267
27119	-0.185955361797994
27121	-0.234088045233268
27123	1.08626399009737
27125	-0.254857627811503
27127	-0.234417721147208
27129	-0.221890036417479
27131	-0.0349637932133669
27133	-0.227824202868404
27135	-0.224857119642942
27137	0.163830782892594
27139	0.0148172697916084
27141	-0.11045957750568
27143	-0.242329943081774
27145	0.0441584261322892
27147	-0.163537399650058
27149	-0.203428185236826
27151	-0.235406748889029
27153	-0.206724944376229
27155	-0.246615729962997
27157	-0.202439157495006
27159	-0.240351887598133
27161	-0.232769341577507
27163	0.122950969564005
27165	-0.243648646737535
27167	-0.25024216501634
27169	0.00624569602916234
27171	-0.0854042080462226
27173	-0.235736424802969
28001	-0.220241656847778
28003	-0.20804364803199
28005	-0.257824711036965
28007	-0.224527443729001
28009	-0.257824711036965
28011	-0.235077072975089
28013	-0.229802258352045
28015	-0.239033183942372
28017	-0.23738480437267
28019	-0.244307998565415
28021	-0.253538924155742
28023	-0.173757352982205
28025	-0.238373832114491
28027	-0.226835175126583
28029	-0.23705512845873
28031	-0.20837332394593
28033	-0.0010071740775228
28035	0.0039379646315807
28037	-0.231120962007806
28039	-0.227824202868404
28041	-0.244967350393296
28043	-0.211670083085332
28045	-0.192219204162858
28047	0.0853679153748184
28049	0.0817414803214759
28051	-0.238044156200551
28053	-0.247934433618758
28055	-0.249582813188459
28057	-0.233099017491447
28059	0.0352571764559029
28061	-0.233099017491447
28063	-0.256835683295144
28065	-0.213977814482914
28067	-0.171779297498564
28069	-0.22320874007324
28071	-0.143097492985764
28073	-0.168482538359162
28075	-0.122987262235409
28077	-0.22320874007324
28079	-0.223538415987181
28081	-0.223538415987181
28083	-0.22320874007324
28085	-0.185625685884054
28087	-0.186614713625874
28089	-0.1098002256778
28091	-0.199801750183484
28093	-0.211999758999272
28095	-0.226505499212643
28097	-0.249582813188459
28099	-0.202109481581065
28101	-0.233758369319328
28103	-0.252879572327861
28105	-0.141449113416062
28107	-0.202768833408946
28109	-0.176724436207667
28111	-0.234417721147208
28113	-0.0616675422425258
28115	-0.200131426097424
28117	-0.233099017491447
28119	-0.257824711036965
28121	0.000970881406118598
28123	-0.201120453839245
28125	-0.257824711036965
28127	-0.183977306314353
28129	-0.216285545880495
28131	-0.207713972118049
28133	-0.244637674479356
28135	-0.25123119275816
28137	-0.242000267167834
28139	-0.214307490396854
28141	-0.232769341577507
28143	-0.234417721147208
28145	-0.201779805667125
28147	-0.195845639216201
28149	-0.15166906674821
28151	-0.206724944376229
28153	-0.191889528248918
28155	-0.219252629105958
28157	-0.256835683295144
28159	-0.244967350393296
28161	-0.243318970823595
28163	-0.236066100716909
29001	-0.213318462655033
29003	-0.238373832114491
29005	-0.252549896413921
29007	-0.19452693556044
29009	-0.211999758999272
29011	-0.245626702221176
29013	-0.236066100716909
29015	-0.23738480437267
29017	-0.241011239426013
29019	0.238337539443087
29021	-0.0801293934231789
29023	-0.197494018785902
29025	-0.242989294909654
29027	-0.199801750183484
29029	-0.140130409760301
29031	-0.078810689767418
29033	-0.240681563512073
29035	-0.246286054049057
29037	-0.13749300244878
29039	-0.23705512845873
29041	-0.248593785446638
29043	-0.0738655510583145
29045	-0.235406748889029
29047	0.0359165282837834
29049	-0.223868091901121
29051	-0.0863932357880433
29053	-0.224857119642942
29055	-0.239362859856312
29057	-0.237714480286611
29059	-0.234088045233268
29061	-0.232439665663567
29063	-0.224197767815061
29065	-0.188592769109516
29067	-0.232439665663567
29069	-0.215626194052615
29071	-0.183977306314353
29073	-0.235077072975089
29075	-0.234747397061149
29077	0.373504664158583
29079	-0.220901008675659
29081	-0.243978322651475
29083	-0.235077072975089
29085	-0.23705512845873
29087	-0.255516979639383
29089	-0.241670591253893
29091	-0.18068054717495
29093	-0.239362859856312
29095	1.21582662427588
29097	-0.00166652590540327
29099	-0.0329857377297255
29101	-0.187603741367695
29103	-0.240681563512073
29105	-0.172768325240385
29107	-0.126943373202692
29109	-0.227164851040523
29111	-0.244637674479356
29113	-0.206395268462288
29115	-0.226835175126583
29117	-0.226835175126583
29119	-0.183977306314353
29121	-0.227164851040523
29123	-0.256176331467264
29125	-0.25123119275816
29127	-0.177383788035548
29129	-0.254857627811503
29131	-0.15199874266215
29133	-0.246945405876937
29135	-0.228153878782344
29137	-0.239033183942372
29139	-0.25024216501634
29141	-0.210351379429571
29143	-0.242989294909654
29145	-0.111118929333561
29147	-0.213318462655033
29149	-0.232439665663567
29151	-0.247275081790877
29153	-0.253538924155742
29155	-0.245297026307236
29157	-0.231780313835686
29159	-0.202109481581065
29161	-0.145405224383345
29163	-0.199472074269544
29165	-0.068920412349211
29167	-0.205406240720468
29169	-0.128921428686333
29171	-0.257824711036965
29173	-0.245626702221176
29175	-0.18002119534707
29177	-0.221560360503539
29179	-0.231120962007806
29181	-0.248264109532698
29183	0.266689668041947
29185	-0.23639577663085
29186	-0.246286054049057
29187	-0.140130409760301
29189	1.49110601241598
29195	-0.20804364803199
29197	-0.248593785446638
29199	-0.242659618995714
29201	-0.20870299985987
29203	-0.231120962007806
29205	-0.244307998565415
29207	-0.205406240720468
29209	-0.238044156200551
29211	-0.242659618995714
29213	-0.230461610179926
29215	-0.233099017491447
29217	-0.209692027601691
29219	-0.238373832114491
29221	-0.212659110827153
29223	-0.220901008675659
29225	-0.191889528248918
29227	-0.253868600069682
29229	-0.238703508028431
29510	0.668564607135092
30001	-0.234088045233268
30003	-0.235406748889029
30005	-0.245297026307236
30007	-0.215296518138675
30009	-0.215626194052615
30011	-0.256835683295144
30013	-0.00595231278662631
30015	-0.243648646737535
30017	-0.22254938824536
30019	-0.256506007381204
30021	-0.226175823298702
30023	-0.243648646737535
30025	-0.257165359209084
30027	-0.23639577663085
30029	0.0355868523698431
30031	0.42625281038902
30033	-0.254857627811503
30035	-0.252220220499981
30037	-0.257495035123025
30039	-0.252220220499981
30041	-0.213318462655033
30043	-0.234417721147208
30045	-0.256506007381204
30047	-0.210681055343511
30049	0.0388836115092455
30051	-0.2515608686721
30053	-0.198153370613783
30055	-0.256835683295144
30057	-0.230461610179926
30059	-0.242329943081774
30061	-0.255516979639383
30063	0.657025950147184
30065	-0.235736424802969
30067	-0.179691519433129
30069	-0.255187303725443
30071	-0.248264109532698
30073	-0.244637674479356
30075	-0.25123119275816
30077	-0.248593785446638
30079	-0.255187303725443
30081	-0.148701983522748
30083	-0.242000267167834
30085	-0.244967350393296
30087	-0.230131934265985
30089	-0.244307998565415
30091	-0.253209248241802
30093	-0.160899992338536
30095	-0.219252629105958
30097	-0.243978322651475
30099	-0.248593785446638
30101	-0.246615729962997
30103	-0.256835683295144
30105	-0.252220220499981
30107	-0.252549896413921
30109	-0.257824711036965
30111	0.169105597515638
31001	-0.221560360503539
31003	-0.245626702221176
31005	-0.256835683295144
31007	-0.257824711036965
31009	-0.257824711036965
31011	-0.25090151684422
31013	-0.23738480437267
31015	-0.256506007381204
31017	-0.257824711036965
31019	-0.128262076858453
31021	-0.255846655553323
31023	-0.249253137274519
31025	-0.196834666958022
31027	-0.235736424802969
31029	-0.246286054049057
31031	-0.244307998565415
31033	-0.242000267167834
31035	-0.23672545254479
31037	-0.227494526954463
31039	-0.245297026307236
31041	-0.226175823298702
31043	-0.114745364386903
31045	-0.220571332761718
31047	-0.188592769109516
31049	-0.251890544586041
31051	-0.253868600069682
31053	-0.19485661147438
31055	0.608233914884029
31057	-0.248923461360579
31059	-0.245956378135116
31061	-0.249582813188459
31063	-0.248593785446638
31065	-0.249253137274519
31067	-0.234747397061149
31069	-0.248923461360579
31071	-0.243978322651475
31073	-0.254198275983622
31075	-0.256176331467264
31077	-0.253538924155742
31079	-0.148042631694867
31081	-0.223538415987181
31083	-0.248264109532698
31085	-0.257824711036965
31087	-0.246615729962997
31089	-0.241011239426013
31091	-0.256506007381204
31093	-0.246945405876937
31095	-0.242000267167834
31097	-0.254857627811503
31099	-0.244307998565415
31101	-0.203428185236826
31103	-0.256835683295144
31105	-0.257824711036965
31107	-0.253209248241802
31109	0.742741687771645
31111	-0.184966334056173
31113	-0.257165359209084
31115	-0.257495035123025
31117	-0.257824711036965
31119	-0.215626194052615
31121	-0.246615729962997
31123	-0.245956378135116
31125	-0.248923461360579
31127	-0.2515608686721
31129	-0.256176331467264
31131	-0.22320874007324
31133	-0.249582813188459
31135	-0.249253137274519
31137	-0.235406748889029
31139	-0.252879572327861
31141	-0.207384296204109
31143	-0.243978322651475
31145	-0.239362859856312
31147	-0.255187303725443
31149	-0.256506007381204
31151	-0.20870299985987
31153	0.00360828871764047
31155	-0.220241656847778
31157	-0.183977306314353
31159	-0.219582305019898
31161	-0.25090151684422
31163	-0.256176331467264
31165	-0.256176331467264
31167	-0.253868600069682
31169	-0.256506007381204
31171	-0.252220220499981
31173	-0.245297026307236
31175	-0.244307998565415
31177	-0.236066100716909
31179	-0.232769341577507
31181	-0.246615729962997
31183	-0.257495035123025
31185	-0.206724944376229
32001	-0.212659110827153
32003	5.44457957238726
32005	-0.122327910407529
32007	-0.150020687178508
32009	-0.241340915339953
32011	-0.255187303725443
32013	-0.228483554696284
32015	-0.245626702221176
32017	-0.254857627811503
32019	-0.134855595137258
32021	-0.23738480437267
32023	-0.181339899002831
32027	-0.257824711036965
32029	-0.257824711036965
32031	1.38363166447146
32033	-0.221890036417479
32510	-0.0741952269722547
33001	-0.179691519433129
33003	-0.122987262235409
33005	-0.108151846108099
33007	-0.178372815777369
33009	0.133170922896152
33011	0.340207396850619
33013	0.123610321391886
33015	0.315152027391161
33017	-0.0755139306280156
33019	-0.125294993632991
34001	0.475044845652175
34003	1.89924479387398
34005	0.507682761132258
34007	0.674498773586016
34009	0.167786893859877
34011	0.230425317508521
34013	1.97342187451054
34015	0.232073697078222
34017	1.15549593202482
34019	-0.073206199230434
34021	1.12483607202838
34023	1.90221187709945
34025	1.39352194188967
34027	0.620761599613758
34029	0.770764140456564
34031	2.28892172415134
34033	-0.186944389539815
34035	0.53966132478446
34037	0.0524003239807951
34039	5.30677504036024
34041	-0.142438141157883
35001	2.09243487944296
35003	-0.254857627811503
35005	-0.132547863739676
35006	-0.2515608686721
35007	-0.220571332761718
35009	-0.149691011264568
35011	-0.249582813188459
35013	0.20042480933996
35015	-0.154965825887612
35017	-0.233758369319328
35019	-0.257824711036965
35021	-0.257495035123025
35023	-0.255846655553323
35025	-0.10947054976386
35027	-0.243318970823595
35028	-0.162218695994297
35029	-0.202768833408946
35031	-0.150350363092449
35033	-0.213648138568974
35035	-0.146723928039106
35037	-0.240681563512073
35039	-0.171779297498564
35041	-0.20837332394593
35043	0.109434257092455
35045	-0.0995802723456527
35047	-0.207384296204109
35049	0.312514620079639
35051	-0.251890544586041
35053	-0.19452693556044
35055	-0.179361843519189
35057	-0.242989294909654
35059	-0.244307998565415
35061	-0.106833142452338
36001	0.479000956619458
36003	-0.135844622879078
36005	2.60046546282486
36007	0.152621801818626
36009	-0.0982615686898918
36011	-0.151339390834269
36013	0.0952581927930254
36015	-0.0751842547140754
36017	-0.187933417281635
36019	0.124929025047646
36021	-0.174746380724026
36023	-0.161559344166417
36025	-0.203098509322886
36027	0.21427119772545
36029	1.76737442829789
36031	-0.052106940738259
36033	-0.153976798145791
36035	-0.156943881371253
36037	-0.0926570781529078
36039	0.0191030566728315
36041	-0.247934433618758
36043	-0.170130917928863
36045	-0.00529296095874584
36047	7.62241865987644
36049	-0.228153878782344
36051	-0.154306474059731
36053	-0.134196243309377
36055	1.17395778320547
36057	-0.100569300087473
36059	1.99913659579788
36061	13.30636109212
36063	0.0280043063492178
36065	0.100203331502129
36067	0.662630440684168
36069	-0.0715578196607328
36071	0.829776129051866
36073	-0.184966334056173
36075	-0.0616675422425258
36077	-0.175076056637966
36079	-0.0972725409480711
36081	4.76083172687521
36083	-0.0227657843975782
36085	0.349108646527005
36087	0.457901698127283
36089	0.0286636581770982
36091	0.125588376875527
36093	0.0286636581770982
36095	-0.178043139863428
36097	-0.22320874007324
36099	-0.1941972596465
36101	-0.0530959684800797
36103	2.55068439981989
36105	-0.147712955780927
36107	-0.186614713625874
36109	0.0237185194679947
36111	0.0507519444110939
36113	-0.104525411054756
36115	-0.164526427391879
36117	-0.146394252125166
36119	2.53387092820893
36121	-0.162548371908237
36123	-0.158921936854895
37001	-0.0695797641770914
37003	-0.241340915339953
37005	-0.239692535770252
37007	-0.244307998565415
37009	-0.244307998565415
37011	-0.234088045233268
37013	-0.159910964596715
37015	-0.227824202868404
37017	-0.225516471470822
37019	-0.0501288852546176
37021	0.212622818155749
37023	-0.150020687178508
37025	-0.0329857377297255
37027	-0.13782267836272
37029	-0.248593785446638
37031	-0.0395792560085301
37033	-0.233099017491447
37035	-0.0497992093406774
37037	-0.0748545788001352
37039	-0.229802258352045
37041	-0.196175315130141
37043	-0.248264109532698
37045	-0.174746380724026
37047	-0.204417212978647
37049	0.0411913429068271
37051	0.356361516633691
37053	-0.205406240720468
37055	-0.118371799440246
37057	-0.0814480970789398
37059	-0.225186795556882
37061	-0.179032167605249
37063	0.589112711875496
37065	-0.147712955780927
37067	0.586475304563974
37069	-0.176394760293727
37071	-0.0501288852546176
37073	-0.220901008675659
37075	-0.257824711036965
37077	-0.196504991044081
37079	-0.228483554696284
37081	0.613508729507073
37083	-0.181339899002831
37085	-0.0741952269722547
37087	-0.156614205457313
37089	-0.120349854923887
37091	-0.229472582438105
37093	-0.115734392128724
37095	-0.218263601364137
37097	0.00987213108250491
37099	-0.177054112121608
37101	0.201743512995721
37103	-0.234088045233268
37105	-0.112767308903262
37107	-0.186285037711934
37109	-0.149691011264568
37111	-0.212329434913213
37113	-0.234747397061149
37115	-0.252220220499981
37117	-0.220901008675659
37119	1.30714685243732
37121	-0.247934433618758
37123	-0.224857119642942
37125	-0.0906790226692664
37127	-0.117053095784485
37129	0.450319152106657
37131	-0.233758369319328
37133	0.272294158578931
37135	0.457572022213342
37137	-0.212988786741093
37139	-0.083096476648641
37141	-0.188263093195576
37143	-0.174416704810086
37145	-0.13782267836272
37147	0.118005830854902
37149	-0.248264109532698
37151	-0.144416196641524
37153	-0.241340915339953
37155	-0.088700967185625
37157	-0.191230176421038
37159	-0.0583707831031235
37161	-0.186614713625874
37163	-0.16683415878946
37165	-0.221890036417479
37167	-0.161889020080357
37169	-0.183317954486472
37171	-0.160570316424596
37173	-0.255516979639383
37175	-0.170790269756743
37177	-0.256835683295144
37179	0.0253668990376959
37181	-0.210681055343511
37183	1.92495951516132
37185	-0.253868600069682
37187	-0.227824202868404
37189	-0.170130917928863
37191	-0.113096984817202
37193	-0.219582305019898
37195	-0.0491398575127969
37197	-0.161229668252476
37199	-0.238703508028431
38001	-0.256835683295144
38003	-0.234088045233268
38005	-0.246945405876937
38007	-0.255846655553323
38009	-0.241011239426013
38011	-0.2515608686721
38013	-0.252549896413921
38015	-0.116064068042664
38017	0.240974946754609
38019	-0.249582813188459
38021	-0.247934433618758
38023	-0.255516979639383
38025	-0.247934433618758
38027	-0.25057184093028
38029	-0.245297026307236
38031	-0.248593785446638
38033	-0.257824711036965
38035	0.018443704844951
38037	-0.252220220499981
38039	-0.2515608686721
38041	-0.255187303725443
38043	-0.255516979639383
38045	-0.245626702221176
38047	-0.254857627811503
38049	-0.244307998565415
38051	-0.252549896413921
38053	-0.233099017491447
38055	-0.255187303725443
38057	-0.234088045233268
38059	-0.207054620290169
38061	-0.243318970823595
38063	-0.253209248241802
38065	-0.252220220499981
38067	-0.246945405876937
38069	-0.243648646737535
38071	-0.221560360503539
38073	-0.256176331467264
38075	-0.255187303725443
38077	-0.243648646737535
38079	-0.246286054049057
38081	-0.243318970823595
38083	-0.255846655553323
38085	-0.249253137274519
38087	-0.257824711036965
38089	-0.204087537064707
38091	-0.252549896413921
38093	-0.213318462655033
38095	-0.25024216501634
38097	-0.243648646737535
38099	-0.246286054049057
38101	-0.115734392128724
38103	-0.249912489102399
38105	-0.159581288682775
39001	-0.193208231904679
39003	-0.0903493467553261
39005	-0.160240640510656
39007	-0.108811197935979
39009	-0.13749300244878
39011	-0.134525919223317
39013	-0.195845639216201
39015	-0.206395268462288
39017	0.325701656637249
39019	-0.239692535770252
39021	-0.196504991044081
39023	-0.154306474059731
39025	-0.126943373202692
39027	-0.151009714920329
39029	-0.0870525876159238
39031	-0.158921936854895
39033	-0.157932909113074
39035	1.78979239044583
39037	-0.207054620290169
39039	-0.178043139863428
39041	-0.0382605523527692
39043	-0.00661166461450678
39045	0.00163023323399907
39047	-0.214307490396854
39049	2.52958514132771
39051	-0.139141382018481
39053	-0.231780313835686
39055	-0.0610081904146453
39057	0.0059160201152221
39059	-0.216615221794436
39061	0.80735816690393
39063	-0.128591752772393
39065	-0.170790269756743
39067	-0.238373832114491
39069	-0.205076564806528
39071	-0.20804364803199
39073	-0.228483554696284
39075	0.271634806751051
39077	-0.146723928039106
39079	-0.233099017491447
39081	-0.20837332394593
39083	-0.142438141157883
39085	0.0807524525796552
39087	-0.221230684589599
39089	0.00723472377098304
39091	-0.143427168899704
39093	0.269656751267409
39095	0.318778462444504
39097	-0.213318462655033
39099	0.162182403322893
39101	-0.18035087126101
39103	0.00723472377098304
39105	-0.227494526954463
39107	-0.202439157495006
39109	-0.162878047822178
39111	-0.244967350393296
39113	0.660652385200526
39115	-0.242000267167834
39117	-0.218922953192017
39119	-0.212988786741093
39121	-0.252549896413921
39123	-0.167823186531281
39125	-0.249582813188459
39127	-0.211999758999272
39129	-0.209362351687751
39131	-0.229142906524165
39133	-0.0237548121393989
39135	-0.20870299985987
39137	-0.228813230610224
39139	-0.150020687178508
39141	-0.156943881371253
39143	-0.144416196641524
39145	-0.183317954486472
39147	-0.144416196641524
39149	-0.218922953192017
39151	0.106137497953053
39153	0.285810871050481
39155	0.10218138698577
39157	0.0336087968862017
39159	-0.207054620290169
39161	-0.209362351687751
39163	-0.255187303725443
39165	-0.0666126809516293
39167	-0.215955869966555
39169	0.012839214307967
39171	-0.173757352982205
39173	0.0540487035504962
39175	-0.219911980933838
40001	-0.245626702221176
40003	-0.247275081790877
40005	-0.233099017491447
40007	-0.249912489102399
40009	-0.22254938824536
40011	-0.23639577663085
40013	-0.107162818366278
40015	-0.23639577663085
40017	-0.028040599020622
40019	-0.165185779219759
40021	-0.185296009970113
40023	-0.192219204162858
40025	-0.249582813188459
40027	0.475044845652175
40029	-0.25090151684422
40031	0.268667723525588
40033	-0.243648646737535
40035	-0.226505499212643
40037	-0.163207723736118
40039	-0.211999758999272
40041	-0.161889020080357
40043	-0.25123119275816
40045	-0.256176331467264
40047	-0.108811197935979
40049	-0.228153878782344
40051	-0.159251612768835
40053	-0.245956378135116
40055	-0.248593785446638
40057	-0.244637674479356
40059	-0.247604757704818
40061	-0.25057184093028
40063	-0.247604757704818
40065	-0.13749300244878
40067	-0.25024216501634
40069	-0.256506007381204
40071	-0.178702491691309
40073	-0.186614713625874
40075	-0.246945405876937
40077	-0.23639577663085
40079	-0.131229160083915
40081	-0.219911980933838
40083	-0.145075548469405
40085	-0.247604757704818
40087	-0.191559852334978
40089	-0.215955869966555
40091	-0.247275081790877
40093	-0.220571332761718
40095	-0.201120453839245
40097	-0.202439157495006
40099	-0.247275081790877
40101	-0.116723419870545
40103	-0.244967350393296
40105	-0.246945405876937
40107	-0.232769341577507
40109	1.14000116406963
40111	-0.178043139863428
40113	-0.195515963302261
40115	-0.211670083085332
40117	-0.207054620290169
40119	0.0906427299978622
40121	-0.225186795556882
40123	-0.140130409760301
40125	-0.125294993632991
40127	-0.253868600069682
40129	-0.248593785446638
40131	-0.117053095784485
40133	-0.218593277278077
40135	-0.211010731257452
40137	-0.163867075563998
40139	-0.246286054049057
40141	-0.221560360503539
40143	1.12055028514715
40145	-0.146064576211226
40147	-0.138811706104541
40149	-0.244967350393296
40151	-0.245297026307236
40153	-0.202439157495006
41001	-0.178702491691309
41003	0.810654926043333
41005	0.504056326078915
41007	-0.159581288682775
41009	-0.214966842224735
41011	-0.0946351336365492
41013	-0.212659110827153
41015	-0.23672545254479
41017	0.325371980723309
41019	0.103829766555472
41021	-0.247604757704818
41023	-0.235406748889029
41025	-0.248593785446638
41027	-0.153647122231851
41029	0.439110171032689
41031	-0.183647630400412
41033	-0.0504585611685579
41035	-0.0636455977261672
41037	-0.231450637921746
41039	2.53090384498347
41041	-0.176394760293727
41043	0.0975659241906071
41045	-0.186285037711934
41047	0.73647784540678
41049	-0.254198275983622
41051	7.08768432746538
41053	-0.0801293934231789
41055	-0.255846655553323
41057	-0.19518628738832
41059	-0.134196243309377
41061	-0.184636658142233
41063	-0.212659110827153
41065	-0.205735916634408
41067	1.37934587759024
41069	-0.254857627811503
41071	-0.00760069235632748
42001	-0.0580411071891832
42003	2.29057010372104
42005	-0.158262585027014
42007	-0.0399089319224704
42009	-0.164196751477938
42011	0.570650860694842
42013	0.022729491726174
42015	-0.126943373202692
42017	0.569002481125141
42019	-0.0418869874061118
42021	0.0764666656984321
42023	-0.257165359209084
42025	-0.121998234493589
42027	0.471418410598832
42029	0.58120048994093
42031	-0.19452693556044
42033	-0.132877539653616
42035	-0.209362351687751
42037	-0.18002119534707
42039	-0.0352934691273071
42041	0.119324534510663
42043	0.353394433408228
42045	0.556474796395412
42047	-0.232769341577507
42049	0.251524576000696
42051	-0.0550740239637211
42053	-0.247275081790877
42055	-0.0613378663285856
42057	-0.234747397061149
42059	-0.240351887598133
42061	-0.118701475354186
42063	-0.12397628997723
42065	-0.200790777925304
42067	-0.230791286093866
42069	-0.0148535624630126
42071	1.4429733289807
42073	-0.134525919223317
42075	-0.0237548121393989
42077	0.146687635367702
42079	0.0936098132233243
42081	-0.0214470807418173
42083	-0.201779805667125
42085	-0.0781513379395375
42087	-0.163207723736118
42089	-0.0834261525625812
42091	0.789555667551158
42093	-0.23705512845873
42095	-0.00826004418420795
42097	-0.0244141639672794
42099	-0.197823694699842
42101	5.80722307772152
42103	-0.219582305019898
42105	-0.231120962007806
42107	-0.128921428686333
42109	-0.142767817071823
42111	-0.150020687178508
42113	-0.23738480437267
42115	-0.204746888892587
42117	-0.204746888892587
42119	-0.103536383312935
42121	-0.183317954486472
42123	-0.177713463949488
42125	0.0576751386038388
42127	-0.205735916634408
42129	0.123610321391886
42131	-0.228153878782344
42133	0.599662341121583
44001	-0.206065592548348
44003	-0.0646346254679879
44005	0.0266856026934568
44007	1.52868906660516
44009	-0.0906790226692664
45001	-0.242329943081774
45003	0.00426764054552094
45005	-0.248593785446638
45007	-0.00133684999146304
45009	-0.243978322651475
45011	-0.244637674479356
45013	0.459550077696984
45015	0.0662467123662849
45017	-0.153647122231851
45019	1.08329690687191
45021	-0.172438649326444
45023	-0.196834666958022
45025	-0.149031659436688
45027	-0.151339390834269
45029	-0.190900500507097
45031	-0.116393743956605
45033	-0.240351887598133
45035	-0.00957874783996888
45037	-0.229142906524165
45039	-0.227494526954463
45041	0.0138282420497877
45043	-0.0801293934231789
45045	0.45361591124606
45047	-0.235406748889029
45049	-0.242000267167834
45051	0.604607479830687
45053	-0.218922953192017
45055	-0.178372815777369
45057	-0.0896899949274457
45059	-0.188592769109516
45061	-0.244967350393296
45063	1.05329639870334
45065	-0.256176331467264
45067	-0.205406240720468
45069	-0.220901008675659
45071	-0.215296518138675
45073	-0.140130409760301
45075	-0.0616675422425258
45077	-0.078810689767418
45079	1.11098968364289
45081	-0.223868091901121
45083	0.0266856026934568
45085	-0.0600191626728246
45087	-0.218263601364137
45089	-0.224527443729001
45091	0.106137497953053
46003	-0.255516979639383
46005	-0.184306982228293
46007	-0.255516979639383
46009	-0.23705512845873
46011	-0.0300186545042634
46013	-0.144416196641524
46015	-0.240022211684192
46017	-0.256176331467264
46019	-0.234417721147208
46021	-0.257165359209084
46023	-0.230461610179926
46025	-0.255846655553323
46027	-0.160899992338536
46029	-0.201779805667125
46031	-0.2515608686721
46033	-0.237714480286611
46035	-0.177383788035548
46037	-0.238373832114491
46039	-0.246286054049057
46041	-0.234088045233268
46043	-0.254198275983622
46045	-0.23738480437267
46047	-0.244637674479356
46049	-0.253868600069682
46051	-0.246286054049057
46053	-0.25024216501634
46055	-0.252549896413921
46057	-0.245297026307236
46059	-0.252549896413921
46061	-0.243648646737535
46063	-0.254198275983622
46065	-0.211670083085332
46067	-0.224857119642942
46069	-0.253868600069682
46071	-0.257824711036965
46073	-0.255516979639383
46075	-0.257824711036965
46077	-0.249912489102399
46079	-0.243978322651475
46081	-0.16650448287552
46083	-0.186944389539815
46085	-0.253209248241802
46087	-0.252879572327861
46089	-0.241011239426013
46091	-0.255846655553323
46093	-0.173098001154325
46095	-0.256835683295144
46097	-0.252549896413921
46099	0.276250269546214
46101	-0.241340915339953
46103	-0.0234251362254587
46105	-0.248264109532698
46107	-0.252220220499981
46109	-0.234747397061149
46111	-0.253868600069682
46113	-0.235406748889029
46115	-0.238373832114491
46117	-0.252220220499981
46119	-0.256835683295144
46121	-0.244307998565415
46123	-0.245626702221176
46125	-0.23705512845873
46127	-0.226175823298702
46129	-0.256176331467264
46135	-0.213977814482914
46137	-0.249912489102399
47001	-0.0900196708413859
47003	-0.223538415987181
47005	-0.206724944376229
47007	-0.242659618995714
47009	-0.0995802723456527
47011	0.0355868523698431
47013	-0.198153370613783
47015	-0.224857119642942
47017	-0.214637166310794
47019	-0.161889020080357
47021	-0.189581796851336
47023	-0.227164851040523
47025	-0.188592769109516
47027	-0.255187303725443
47029	-0.234088045233268
47031	-0.190900500507097
47033	-0.25024216501634
47035	-0.178043139863428
47037	1.11593482235199
47039	-0.252879572327861
47041	-0.244967350393296
47043	-0.200790777925304
47045	-0.184636658142233
47047	-0.20837332394593
47049	-0.241340915339953
47051	-0.205406240720468
47053	-0.205406240720468
47055	-0.234088045233268
47057	-0.241011239426013
47059	-0.184636658142233
47061	-0.253538924155742
47063	-0.0976022168620113
47065	0.380757534265268
47067	-0.243648646737535
47069	-0.231120962007806
47071	-0.234747397061149
47073	-0.226505499212643
47075	-0.224197767815061
47077	-0.228483554696284
47079	-0.2228790641593
47081	-0.230791286093866
47083	-0.239362859856312
47085	-0.248264109532698
47087	-0.246286054049057
47089	-0.213318462655033
47091	-0.25123119275816
47093	0.494166048660708
47095	-0.252220220499981
47097	-0.234088045233268
47099	-0.190570824593157
47101	-0.256835683295144
47103	-0.23672545254479
47105	-0.207713972118049
47107	-0.229142906524165
47109	-0.220901008675659
47111	-0.231120962007806
47113	-0.0715578196607328
47115	-0.235077072975089
47117	-0.179361843519189
47119	-0.155954853629433
47121	-0.245626702221176
47123	-0.216944897708376
47125	0.0230591676401143
47127	-0.245297026307236
47129	-0.201450129753185
47131	-0.215626194052615
47133	-0.242659618995714
47135	-0.249912489102399
47137	-0.253209248241802
47139	-0.255187303725443
47141	-0.196834666958022
47143	-0.22221971233142
47145	-0.185296009970113
47147	-0.16650448287552
47149	0.205040272135123
47151	-0.221230684589599
47153	-0.241670591253893
47155	-0.13749300244878
47157	1.21714532793164
47159	-0.238044156200551
47161	-0.189911472765277
47163	-0.100569300087473
47165	-0.0596894867588844
47167	-0.18035087126101
47169	-0.241670591253893
47171	-0.212659110827153
47173	-0.240351887598133
47175	-0.236066100716909
47177	-0.210681055343511
47179	0.0191030566728315
47181	-0.253538924155742
47183	-0.204746888892587
47185	-0.220901008675659
47187	0.0402023151650064
47189	-0.106173790624457
48001	-0.210351379429571
48003	-0.212659110827153
48005	-0.0234251362254587
48007	-0.212329434913213
48009	-0.248593785446638
48011	-0.254198275983622
48013	-0.219252629105958
48015	-0.182328926744651
48017	-0.249582813188459
48019	-0.240351887598133
48021	-0.102877031485055
48023	-0.25123119275816
48025	-0.202439157495006
48027	0.479330632533398
48029	3.43421584917971
48031	-0.234088045233268
48033	-0.256506007381204
48035	-0.234417721147208
48037	-0.0227657843975782
48039	0.564716694243918
48041	0.605266831658567
48043	-0.201450129753185
48045	-0.257495035123025
48047	-0.257824711036965
48049	-0.199472074269544
48051	-0.226175823298702
48053	-0.191889528248918
48055	-0.201120453839245
48057	-0.236066100716909
48059	-0.246615729962997
48061	0.748016502394688
48063	-0.243978322651475
48065	-0.241340915339953
48067	-0.203428185236826
48069	-0.242329943081774
48071	-0.181669574916771
48073	-0.162548371908237
48075	-0.252879572327861
48077	-0.246286054049057
48079	-0.25090151684422
48081	-0.253868600069682
48083	-0.252549896413921
48085	2.05979696396288
48087	-0.248264109532698
48089	-0.229472582438105
48091	0.0237185194679947
48093	-0.228153878782344
48095	-0.257824711036965
48097	-0.196175315130141
48099	-0.134855595137258
48101	-0.253868600069682
48103	-0.25090151684422
48105	-0.245626702221176
48107	-0.233428693405388
48109	-0.235077072975089
48111	-0.145405224383345
48113	5.21281740488727
48115	-0.224527443729001
48117	-0.238373832114491
48119	-0.256176331467264
48121	1.21747500384558
48123	-0.218922953192017
48125	-0.253868600069682
48127	-0.238044156200551
48129	-0.246286054049057
48131	-0.238703508028431
48133	-0.239362859856312
48135	-0.11045957750568
48137	-0.23639577663085
48139	-0.0962835132062504
48141	2.78805105785685
48143	-0.20837332394593
48145	-0.224527443729001
48147	-0.207054620290169
48149	-0.16584513104764
48151	-0.245956378135116
48153	-0.257824711036965
48155	-0.257824711036965
48157	0.596035906068241
48159	-0.244967350393296
48161	-0.238703508028431
48163	-0.196504991044081
48165	-0.197164342871962
48167	1.21384856879224
48169	-0.252879572327861
48171	-0.207384296204109
48173	-0.256506007381204
48175	-0.248923461360579
48177	-0.234088045233268
48179	-0.232769341577507
48181	-0.0174909697745345
48183	0.180314578589606
48185	-0.211340407171392
48187	-0.0138645347211919
48189	-0.213318462655033
48191	-0.252220220499981
48193	-0.248923461360579
48195	-0.234747397061149
48197	-0.234747397061149
48199	-0.151009714920329
48201	12.1353522458043
48203	-0.168152862445221
48205	-0.242989294909654
48207	-0.253868600069682
48209	-0.0174909697745345
48211	-0.243978322651475
48213	-0.201450129753185
48215	3.63202139754385
48217	-0.195845639216201
48219	-0.229472582438105
48221	-0.198153370613783
48223	-0.203757861150767
48225	-0.206065592548348
48227	-0.174087028896146
48229	-0.238703508028431
48231	-0.0916680504110871
48233	-0.204087537064707
48235	-0.249582813188459
48237	-0.237714480286611
48239	-0.249912489102399
48241	-0.179032167605249
48243	-0.25024216501634
48245	0.175369439880502
48247	-0.247934433618758
48249	-0.154636149973672
48251	0.0622906013990021
48253	-0.218922953192017
48255	-0.241011239426013
48257	-0.129251104600274
48259	-0.214637166310794
48261	-0.257824711036965
48263	-0.256835683295144
48265	-0.170790269756743
48267	-0.253209248241802
48269	-0.257824711036965
48271	-0.252220220499981
48273	-0.171779297498564
48275	-0.246945405876937
48277	-0.1098002256778
48279	-0.234747397061149
48281	-0.199801750183484
48283	-0.235406748889029
48285	-0.245626702221176
48287	-0.218263601364137
48289	-0.227494526954463
48291	-0.140460085674242
48293	-0.213648138568974
48295	-0.230461610179926
48297	-0.173427677068265
48299	-0.202109481581065
48301	-0.257824711036965
48303	0.240315594926728
48305	-0.252879572327861
48307	-0.239692535770252
48309	0.0141579179637279
48311	-0.256176331467264
48313	-0.220571332761718
48315	-0.240351887598133
48317	-0.25057184093028
48319	-0.241340915339953
48321	-0.214637166310794
48323	-0.00562263687268608
48325	-0.187274065453755
48327	-0.248923461360579
48329	-0.0306780063321438
48331	-0.107492494280218
48333	-0.255187303725443
48335	-0.237714480286611
48337	-0.209362351687751
48339	0.728895299386155
48341	-0.18035087126101
48343	-0.245626702221176
48345	-0.257824711036965
48347	-0.0995802723456527
48349	-0.18101022308889
48351	-0.206724944376229
48353	-0.213648138568974
48355	1.43110499607885
48357	-0.23672545254479
48359	-0.252549896413921
48361	-0.0705687919189121
48363	-0.106173790624457
48365	-0.210351379429571
48367	-0.13782267836272
48369	-0.249253137274519
48371	-0.243318970823595
48373	-0.1384820301906
48375	-0.0155129142908931
48377	-0.249582813188459
48379	-0.217933925450197
48381	-0.0939757818086687
48383	-0.257824711036965
48385	-0.243648646737535
48387	-0.234747397061149
48389	-0.227164851040523
48391	-0.244637674479356
48393	-0.257824711036965
48395	-0.150350363092449
48397	-0.146064576211226
48399	-0.244307998565415
48401	-0.167493510617341
48403	-0.223538415987181
48405	-0.229802258352045
48407	-0.246286054049057
48409	0.252183927828577
48411	-0.25024216501634
48413	-0.25090151684422
48415	-0.207054620290169
48417	-0.248264109532698
48419	-0.203757861150767
48421	-0.245956378135116
48423	0.458561049955163
48425	-0.257824711036965
48427	-0.0910086985832066
48429	-0.232109989749627
48431	-0.252220220499981
48433	-0.254198275983622
48435	-0.249253137274519
48437	-0.249253137274519
48439	4.39060567552033
48441	0.407461283294427
48443	-0.256835683295144
48445	-0.257495035123025
48447	-0.253868600069682
48449	-0.203098509322886
48451	0.0784447211820735
48453	5.99810543189291
48455	-0.228483554696284
48457	-0.18101022308889
48459	-0.20804364803199
48461	-0.25090151684422
48463	-0.20903267577381
48465	-0.012545831065431
48467	-0.192548880076799
48469	-0.132877539653616
48471	-0.211010731257452
48473	-0.190900500507097
48475	-0.242000267167834
48477	-0.20837332394593
48479	0.0649280087105239
48481	-0.173098001154325
48483	-0.234088045233268
48485	-0.00661166461450678
48487	-0.241340915339953
48489	-0.233099017491447
48491	0.720983077451589
48493	-0.210681055343511
48495	-0.243648646737535
48497	-0.192878555990739
48499	-0.217933925450197
48501	-0.25057184093028
48503	-0.213318462655033
48505	-0.247275081790877
48507	-0.223538415987181
49001	-0.252879572327861
49003	-0.135844622879078
49005	0.373834340072523
49007	-0.221230684589599
49009	-0.256176331467264
49011	0.472077762426713
49013	-0.245956378135116
49015	-0.248264109532698
49017	-0.242659618995714
49019	-0.144416196641524
49021	-0.149031659436688
49023	-0.224857119642942
49025	-0.225186795556882
49027	-0.229472582438105
49029	-0.246286054049057
49031	-0.249253137274519
49033	-0.247275081790877
49035	2.98124114342583
49037	-0.241670591253893
49039	-0.176065084379787
49041	-0.203428185236826
49043	-0.0794700415952984
49045	-0.0768326342837766
49047	-0.164196751477938
49049	1.31374037071613
49051	-0.198483046527723
49053	0.0942691650512048
49055	-0.25123119275816
49057	0.250205872344935
50001	-0.174416704810086
50003	-0.134855595137258
50005	-0.218593277278077
50007	0.388340080285893
50009	-0.244637674479356
50011	-0.128262076858453
50013	-0.249582813188459
50015	-0.189911472765277
50017	-0.175735408465847
50019	-0.103866059226876
50021	-0.169471566100982
50023	-0.148701983522748
50025	-0.169471566100982
50027	-0.147712955780927
51001	-0.186944389539815
51003	-0.083096476648641
51005	-0.233099017491447
51007	-0.242989294909654
51009	-0.196834666958022
51011	-0.196504991044081
51013	0.810984601957273
51015	-0.0936461058947285
51017	-0.25057184093028
51019	-0.132877539653616
51021	-0.247934433618758
51023	-0.211010731257452
51025	-0.223538415987181
51027	-0.254198275983622
51029	-0.200790777925304
51031	-0.0623268940704063
51033	-0.232769341577507
51035	-0.217604249536256
51036	-0.243648646737535
51037	-0.172768325240385
51041	0.0487738889274525
51043	-0.240351887598133
51045	-0.253868600069682
51047	-0.16650448287552
51049	-0.217274573622316
51051	-0.255187303725443
51053	-0.22320874007324
51057	-0.216615221794436
51059	2.26716311383129
51061	-0.145405224383345
51063	-0.226835175126583
51065	-0.23705512845873
51067	-0.171779297498564
51069	-0.149031659436688
51071	-0.246615729962997
51073	-0.2228790641593
51075	-0.246945405876937
51077	-0.23672545254479
51079	-0.234747397061149
51081	-0.244637674479356
51083	-0.12463564180511
51085	-0.0877119394438043
51087	0.212293142241808
51089	-0.199472074269544
51091	-0.252549896413921
51093	-0.191230176421038
51095	-0.142767817071823
51097	-0.257824711036965
51099	-0.205406240720468
51101	-0.245626702221176
51103	-0.23639577663085
51105	-0.247934433618758
51107	0.28482184330866
51109	-0.185625685884054
51111	-0.211670083085332
51113	-0.244637674479356
51115	-0.23738480437267
51117	-0.139471057932421
51119	-0.235736424802969
51121	0.0220701398982936
51125	-0.146723928039106
51127	-0.234088045233268
51131	-0.239033183942372
51133	-0.216944897708376
51135	-0.164196751477938
51137	-0.193537907818619
51139	-0.215626194052615
51141	-0.186614713625874
51143	-0.139141382018481
51145	-0.225846147384762
51147	-0.164856103305819
51149	-0.201120453839245
51153	0.507023409304377
51155	-0.161559344166417
51157	-0.248264109532698
51159	-0.252220220499981
51161	-0.114745364386903
51163	-0.20870299985987
51165	-0.117712447612366
51167	-0.242989294909654
51169	-0.249582813188459
51171	-0.218593277278077
51173	-0.15166906674821
51175	-0.210021703515631
51177	-0.0135348588072517
51179	-0.0329857377297255
51181	-0.256835683295144
51183	-0.245626702221176
51185	-0.226505499212643
51187	-0.206724944376229
51191	-0.227494526954463
51193	-0.225516471470822
51195	-0.2228790641593
51197	-0.225186795556882
51199	-0.159581288682775
51510	0.294382444812927
51515	-0.247604757704818
51520	-0.197823694699842
51530	-0.218263601364137
51540	0.0827305080632966
51550	0.244601381807951
51570	-0.219582305019898
51580	-0.255516979639383
51590	-0.181669574916771
51595	-0.241011239426013
51600	-0.235077072975089
51610	-0.196834666958022
51620	-0.237714480286611
51630	-0.211010731257452
51640	-0.215296518138675
51650	0.0448177779601697
51660	-0.106173790624457
51670	-0.210021703515631
51678	-0.230461610179926
51680	-0.172438649326444
51683	-0.184636658142233
51685	-0.19485661147438
51690	-0.239692535770252
51700	0.168446245687757
51710	0.487242854467963
51720	-0.257824711036965
51730	-0.205076564806528
51735	-0.246945405876937
51740	-0.00562263687268608
51750	-0.242000267167834
51760	0.751972613361971
51770	-0.0451837465455141
51775	-0.199801750183484
51790	-0.188922445023456
51800	-0.0834261525625812
51810	1.0143946408584
51820	-0.16683415878946
51830	-0.206065592548348
51840	-0.15232841857609
53001	-0.189581796851336
53003	-0.232769341577507
53005	0.111082636662157
53007	0.000641205492178364
53009	-0.0151832383769529
53011	0.749335206050449
53013	-0.243978322651475
53015	0.00228958506187953
53017	-0.012545831065431
53019	-0.25024216501634
53021	-0.148042631694867
53023	-0.255516979639383
53025	0.0520706480668548
53027	-0.117712447612366
53029	-0.0191393493442357
53031	-0.0992505964317125
53033	8.41430020516088
53035	0.579881786285169
53037	0.033938472800142
53039	-0.227824202868404
53041	-0.173098001154325
53043	-0.187603741367695
53045	-0.168812214273102
53047	-0.183317954486472
53049	-0.211340407171392
53051	-0.242659618995714
53053	1.68033998701767
53055	-0.157603233199134
53057	0.0329494450583213
53059	-0.234417721147208
53061	1.1897822270746
53063	1.02692232558813
53065	-0.143427168899704
53067	0.712741179603083
53069	-0.248593785446638
53071	0.0237185194679947
53073	0.776038955079608
53075	-0.0811184211649996
53077	0.164160458806534
54001	-0.241340915339953
54003	-0.142438141157883
54005	-0.249912489102399
54007	-0.253209248241802
54009	-0.254857627811503
54011	0.000311529578238131
54013	-0.257824711036965
54015	-0.246286054049057
54017	-0.249582813188459
54019	-0.181339899002831
54021	-0.256835683295144
54023	-0.248923461360579
54025	-0.203428185236826
54027	-0.241340915339953
54029	-0.219582305019898
54031	-0.240351887598133
54033	-0.174746380724026
54035	-0.248593785446638
54037	-0.148042631694867
54039	-0.0656236532098086
54041	-0.245626702221176
54043	-0.211010731257452
54045	-0.219582305019898
54047	-0.255187303725443
54049	-0.168152862445221
54051	-0.187274065453755
54053	-0.230461610179926
54055	-0.191230176421038
54057	-0.232109989749627
54059	-0.25024216501634
54061	-0.114086012559023
54063	-0.253868600069682
54065	-0.218593277278077
54067	-0.238703508028431
54069	-0.170790269756743
54071	-0.253209248241802
54073	-0.255846655553323
54075	-0.248593785446638
54077	-0.204087537064707
54079	-0.246615729962997
54081	-0.00397425730298491
54083	-0.185296009970113
54085	-0.253538924155742
54087	-0.255516979639383
54089	-0.233099017491447
54091	-0.229472582438105
54093	-0.240022211684192
54095	-0.249582813188459
54097	-0.248593785446638
54099	-0.228153878782344
54101	-0.237714480286611
54103	-0.244637674479356
54105	-0.239033183942372
54107	-0.140789761588182
54109	-0.207713972118049
55001	-0.219252629105958
55003	-0.207384296204109
55005	-0.191230176421038
55007	-0.224857119642942
55009	0.51064984435772
55011	-0.23672545254479
55013	-0.229802258352045
55015	-0.161229668252476
55017	-0.0646346254679879
55019	-0.126943373202692
55021	-0.142767817071823
55023	-0.233428693405388
55025	3.03827507653749
55027	-0.0728765233164938
55029	-0.165185779219759
55031	-0.126943373202692
55033	-0.104525411054756
55035	0.113720043973679
55037	-0.248593785446638
55039	0.00756439968492327
55041	-0.248593785446638
55043	-0.0867229117019836
55045	-0.114415688472963
55047	-0.184636658142233
55049	-0.200790777925304
55051	-0.2515608686721
55053	-0.203757861150767
55055	-0.0155129142908931
55057	-0.203098509322886
55059	0.0721808788172091
55061	-0.211010731257452
55063	0.189215828265992
55065	-0.226175823298702
55067	-0.22320874007324
55069	-0.217274573622316
55071	-0.0530959684800797
55073	0.121961941822184
55075	-0.163537399650058
55077	-0.228483554696284
55078	-0.25123119275816
55079	1.81122132485194
55081	-0.0781513379395375
55083	-0.200461102011364
55085	-0.185955361797994
55087	0.287788926534122
55089	-0.0445243947176337
55091	-0.239692535770252
55093	-0.159581288682775
55095	-0.206395268462288
55097	0.122621293650065
55099	-0.210681055343511
55101	0.13020383967069
55103	-0.227494526954463
55105	0.00459731645946117
55107	-0.230791286093866
55109	-0.135844622879078
55111	-0.12364661406329
55113	-0.230131934265985
55115	-0.18035087126101
55117	0.0365758801116638
55119	-0.175076056637966
55121	-0.195845639216201
55123	-0.148372307608807
55125	-0.190241148679217
55127	0.033938472800142
55129	-0.22221971233142
55131	0.0336087968862017
55133	0.285810871050481
55135	-0.153317446317911
55137	-0.199142398355603
55139	0.201413837081781
55141	-0.028040599020622
56001	0.180973930417486
56003	-0.229142906524165
56005	-0.0778216620255973
56007	-0.209362351687751
56009	-0.239033183942372
56011	-0.225846147384762
56013	-0.15166906674821
56015	-0.218263601364137
56017	-0.256176331467264
56019	-0.218593277278077
56021	0.0484442130135123
56023	-0.238373832114491
56025	-0.0461727742873348
56027	-0.25090151684422
56029	-0.20804364803199
56031	-0.240681563512073
56033	-0.172768325240385
56035	-0.244307998565415
56037	-0.199142398355603
56039	-0.105844114710517
56041	-0.209362351687751
56043	-0.231450637921746
56045	-0.244637674479356
